,Index,Text,Paraphrase,G-Paraphrase,G-Text,Wangchan_eng-eng,Sbert_eng-eng,mbert_eng-eng,Wangchan_th-th,Sbert_th-th,mbert_th-th,Sbert_th-en,mbert_th-eng
0,1680,กรณีที่มาร้องเรียนกรรมการสิทธิฯด้วยตัวเองมีแค่ 3 ราย นอกนั้นร้องเรียนมาทางองค์กรต่างๆ การเข้าถึงองค์กรปกป้องสิทธิฯจึงน้อยมาก,กรณีที่มาร้องเรียนต่อกรรมการสิทธิมนุษยชนด้วยตนเองนั้นมีเพียงแค่ 3 ราย ที่เหลือนั้นเป็นการร้องเรียนผ่านทางองค์กรต่างๆ จะเห็นได้ว่าการเข้าถึงองค์การปกป้องสิทธิมนุษยชนนั้นมีจำนวนน้อยมาก,"In the case of complaints to the human rights committee by themselves, only 3 people remaining are complaints through various organizations. It can be seen that there are very few access to the human rights protection organization.","In the case of complaining to the rights committee by himself, there are only 3 people. Other than that, the complaints in various organizations Access to the organization to protect the rights is therefore very small.",0.8827874064445496,0.8033792972564697,0.928423285484314,0.8528629541397095,0.8946599960327148,0.7976263165473938,0.7815920114517212,0.6141850352287292
1,1123,ขอให้พ่อแม่ผู้ปกครองเอาใจใส่ระมัดระวังดูแลเด็กอย่างใกล้ชิด,ขอความร่วมมือผู้ปกครองให้ระมัดระวังดูแลเด็กอย่างใกล้ชิด,Ask for cooperation with parents to be careful to take care of the children closely.,Ask parents to pay attention to take care of the children closely.,0.6840316653251648,0.7902870178222656,0.8522951602935791,0.8814423680305481,0.8676433563232422,0.726222574710846,0.7637977600097656,0.7516589164733887
2,1416,ตนคิดว่า ความเสียหายย่อมจะเกิดขึ้นได้ในพื้นที่เชียงแสนในอนาคต,เขาคิดว่า ความเสียหายอาจเกิดขึ้นได้ในอนาคตที่พื้นที่เชียงแสน,He thinks that damage can occur in the future in Chiang Saen.,They think that the damage will occur in the Chiang Saen area in the future.,0.8382531404495239,0.884587287902832,0.9261490106582642,0.7763105630874634,0.9046525359153748,0.8272140026092529,0.6144468784332275,0.6924331188201904
3,1187,เขาไม่ได้สังเกตว่า มีการนอนทับซ้อนกันหรือเปล่า เพราะอยู่ห่างจากรถมาก,เขาไม่ได้สังเกตว่า มีการนอนทับกันหรือไม่ เนื่องจากอยู่ห่างจากบริเวณรถยนต์มาก,He didn't notice that Have you lying over it? Due to being very far from the car area,He didn't notice that Is there a stack of sleep? Because it is very far from the car,0.6915198564529419,0.817581295967102,0.7219295501708984,0.7600635290145874,0.9414951205253601,0.8365437984466553,0.5619699358940125,0.7081934809684753
4,1092,คาดว่าจะมีการรวบรวมหลักฐานและยื่นคัดค้านการจดสิทธิบัตรดังกล่าว,คาดการณ์ว่าจะมีการรวบรวมหลักฐานและยื่นเรื่องไม่เห็นด้วยกับการจดสิทธิบัตรดังกล่าว,It is predicted that the evidence will be collected and submitted disagreement with the said patent.,It is expected that evidence will be collected and submitted to the said patent.,0.872084379196167,0.5898598432540894,0.9817891120910645,0.557486891746521,0.949437141418457,0.9002725481987,0.413207471370697,0.7998310923576355
5,1039,ซึ่ง กกต.ได้เคยชี้ในการเลือกตั้งท้องถิ่นว่าจะกระทำการจูงใจก่อนการเลือกตั้ง 60 วันไม่ได้,ซึ่งกกต.ได้เคยชี้แจงในการเลือกตั้งท้องถิ่นมาก่อนว่าจะกระทำการจูงใจ 60 วันก่อนการเลือกตั้งไม่ได้,Which the Election Commission had explained in the local election before that 60 days before the election,Which the Election Commission has pointed out in the local election that it cannot be motivated before the 60 -day election,0.9317108392715454,0.3759005069732666,0.9340620636940002,0.8364793062210083,0.9211321473121643,0.9596161246299744,0.41347450017929077,0.7680467367172241
6,1350,แต่ปีที่แล้วชาวบ้านกะเหรี่ยงเขาไปอธิษฐานกันที่ริมแม่น้ำไม่ให้มีการสร้างเขื่อน,แต่อย่างไรก็ตามเมื่อปีที่แล้วเหล่าชาวบ้านชาวกระเหรี่ยงนั้นก็ไปอธิฐานไม่ให้มีการสร้างเขื่อนเกิดขึ้น ณ ริมแม่น้ำ,"However, last year, the Karen villagers went to pray for the construction of a dam to occur at the river.","But last year, the Karen villagers went to pray at the river from the construction of the dam.",0.8990740776062012,0.8359625339508057,0.9075145721435547,0.5213474035263062,0.837634801864624,0.8452354669570923,0.4543443024158478,0.6639773845672607
7,1301,หากพบเห็นกลุ่มคนร้าย หรือ พฤติกรรม ที่ต้องสงสัยว่าจะก่อให้เกิดเหตุร้ายขึ้น,ถ้าเห็นกลุ่มคนร้ายหรือพฤติกรรมที่เสี่ยงต่อการก่อให้เกิดเหตุร้ายขึ้น,If you see a group of criminals or behaviors that are at risk of causing disaster,If you see a group of criminals or suspicious behavior that will cause a disaster,0.8682063817977905,0.9461723566055298,0.9625867605209351,0.8049768209457397,0.950319766998291,0.8041543960571289,0.7870204448699951,0.6518921852111816
8,1247,นักศึกษาไม่ได้ยื่นหนังสือเนื่องจากไม่มีตัวแทนรัฐมนตรีออกมารับ,นักศึกษาไม่ได้ส่งหนังสือให้เพราะไม่มีผู้แทนรัฐมนตรีออกมารับ,Students do not send books because there are no minister's representatives coming out.,Students do not submit a letter because there is no representative of the minister.,0.7333863377571106,0.7550145387649536,0.7445396184921265,0.46362799406051636,0.9595615863800049,0.9439292550086975,0.7289845943450928,0.6229754686355591
9,1538,การจับกุมลงโทษข้าราชการชั้นผู้น้อยที่ทุจริตไม่ช่วยยับยั้งการคอร์รัปชั่นได้ ในประเทศไทย,ในประเทศไทยนั้น การจับกุมและลงโทษข้าราชการชั้นผู้น้อยที่กระทำการทุจริตนั้นไม่สามารถช่วยทำให้การคอร์รัปชั่นนั้นหายไปได้,In Thailand The arrest and punishment of a minority official who committed corruption cannot help the corruption disappear.,The arrest of the corruption officials do not help inhibit corruption in Thailand.,0.6330784559249878,0.5396395921707153,0.9458150267601013,0.8796379566192627,0.9214632511138916,0.5467135906219482,0.515385627746582,0.5798435211181641
10,1459,ในช่วงที่เลี้ยงลูก จะดุร้าย และคอยปกป้องลูกไม่ให้ปลาหรือสัตว์ร้ายชนิดอื่นเข้าใกล้ฝูงลูกปลา รายงานวิจัยจาวบ้าน,ในระยะที่เลี้ยงดูลูก จะมีนิสัยค่อนข้างดุร้าย และคอยปกป้องลูกไม่ให้ปลาหรือสัตว์ร้ายอื่นๆเข้าใกล้ฝูงลูกปลา รายงานจากวิจัยชาวบ้าน,During the raising children Will have quite fierce habits And protect the children from fish or other beasts near the flock of fish Report from villagers research,"During raising children, it will be fierce and protect the children from fish or other beasts near the flock of fish. Research report",0.8412643671035767,0.7489623427391052,0.9186890125274658,0.8811861872673035,0.9078269600868225,0.9404305219650269,0.38594555854797363,0.7829834222793579
11,1158,โครงการสร้างเขื่อนในจีนส่งผลกระทบภูมิภาคแม่น้ำโขงแน่นอน,เป็นที่แน่นอนว่าโครงการสร้างเขื่อนในประเทศจีนนั้นจะส่งผลกระทบต่อประเทศในภูมิภาคแม่น้ำโขง,It is certain that the dam construction project in China will affect the country in the Mekong River region.,Dam construction project in China will definitely affect the Mekong River region.,0.8329492807388306,0.8927075862884521,0.9518308043479919,0.6538578867912292,0.8350832462310791,0.8677685856819153,0.6724221706390381,0.810808002948761
12,1226,รัฐมนตรีว่าการกระทรวงกลาโหม ขอให้ประชาชนอย่าตื่นตระหนกกับข่าวลือว่า จะมีการก่อความไม่สงบครั้งใหญ่ในพื้นที่ภาคใต้,รัฐมนตรีว่าการกระทรวงกลาโหม ขอให้ประชาชนอย่าตื่นตกใจกับข่าวลือที่ว่า จะมีการก่อเหตุร้ายครั้งใหญ่ในพื้นที่ภาคใต้,Minister of Defense Ask the public not to panic about the rumors that There will be a major disaster in the southern region.,Minister of Defense Ask the public not to panic with the rumors that There will be a major insurgency in the southern region.,0.9571771621704102,0.9274337291717529,0.9474756717681885,0.933869481086731,0.9470031261444092,0.9908648729324341,0.42597487568855286,0.6735128164291382
13,1192,และกรณีคนสูญหายกว่า 40 คนนั้นทางประเทศไทยก็กำลังตรวจสอบอยู่เช่นกัน,และในขณะนี้ประเทศไทยก็กำลังดำเนินการตรวจสอบกรณีผู้สูญหายกว่า 40 คนอยู่เช่นกัน,"And at this time, Thailand is also investigating the case of more than 40 people.","And in the case of more than 40 people lost, Thailand is also checking.",0.7509567737579346,0.7984762191772461,0.952088475227356,0.7910309433937073,0.8955301642417908,0.9010366201400757,0.5216554999351501,0.5409706830978394
14,1193,และขณะนี้ประเด็นสิทธิมนุษยชนก็กำลังเป็นประเด็นที่ทั่วโลกให้ความสำคัญมากขึ้น,และประเด็นเรื่องสิทธิมนุษยชนนั้นเป็นประเด็นที่ทั้งโลกกำลังให้ความสำคัญกันมากขึ้นอยู่ ณ ขณะนี้,And the issue of human rights is an issue that the whole world is focusing on now.,And now human rights issues are becoming more important throughout the world.,0.6208217144012451,0.8300118446350098,0.9562605619430542,0.806892991065979,0.9359075427055359,0.8995693922042847,0.815730094909668,0.6845197081565857
15,1103,สถานการณ์เป็นเช่นนี้จนเจ้าหนุ่ยคว้าเก้าอี้อบจ.สำเร็จ,สถานการณ์เช่นนี้ดำเนินมาจนเจ้าหนุ่ยสามารถคว้าเก้าอี้อบจ.ได้สำเร็จ,This situation has proceeded until Chao Nui was able to successfully grab the chair.,The situation is like this until Chao Nui grabbed the chair successfully.,0.7922799587249756,0.8985514640808105,0.8885917663574219,0.7838228940963745,0.8509571552276611,0.9654430150985718,0.36428844928741455,0.5439184904098511
16,1444,สถานการณ์มาถึงจุดที่ประชาชนบางส่วนรู้สึกว่าแทบไม่เหลือความเชื่อถือภาครัฐ,สถานการณ์ดำเนินมาถึงจุดที่ประชาชนจำนวนหนึ่งนั้นสิ้นความเชื่อถือในภาครัฐ,The situation proceeded to the point where a number of people died in the government.,The situation reached the point where some people felt that there was almost no trust in the government.,0.775047779083252,0.5648247003555298,0.9058433771133423,0.5732225179672241,0.9501045346260071,0.977938175201416,0.7824712991714478,0.7288965582847595
17,1210,เพราะถ้าขยายตัวมากไปกว่านี้จะทำให้การควบคุมการผลิตทำได้ค่อนข้างลำบาก,เหตุเนื่องจากหากมีการขยายตัวไปมากกว่านี้ จะทำให้ควบคุมการผลิตได้ค่อนข้างยาก,The reason is because if there is more expansion Will make the production control quite difficult,"Because if more expanded, this will make the production control quite difficult",0.7752246856689453,0.956509530544281,0.8360403180122375,0.8236520290374756,0.9620101451873779,0.9453936815261841,0.8449731469154358,0.860801100730896
18,1592,ลูกเสือชาวบ้านในสามจังหวัดภาคใต้เตรียมจัดการชุมนุมใหญ่ที่จังหวัดยะลา โดยคาดว่าจะมีผู้ร่วมชุมนุมหนึ่งแสนราย,เหล่าลูกเสือชาวบ้านในสามจังหวัดภาคใต้นั้นได้จัดเตรียมการชุมนุมใหญ่ที่จังหวัดยะลา โดยคาดการณ์ว่าจะมีผู้มาร่วมการชุมนุมประมาณหนึ่งแสนคน,"Scouts, villagers in the three southern provinces have prepared a large rally in Yala province. It is expected that there will be approximately one hundred thousand people attending the rally.",Boy Scouts in the three southern provinces prepare to organize a large rally in Yala province. Which is expected to have one hundred thousand people,0.7957383394241333,0.5608289241790771,0.829951286315918,0.9455796480178833,0.9595972895622253,0.9334155917167664,0.38915449380874634,0.4820343255996704
19,1608,อำนาจที่แท้จริงของผู้ปกครองไม่ต้องถูกตัดทอน แบ่งแยก ตีความและแอบอ้างโดยคนของรัฐอีกต่อไป,อำนาจอันแท้จริงของผู้ปกครองนั้นจะไม่ถูกลดทอน แบ่งแยก ตีความและแอบอ้างโดยคนของรัฐอีกต่อไป,"The true power of that parent will no longer be reduced, interpreted and impersonated by the people of the state anymore.","The true power of parents does not have to be cut, divided, interpreted and impersonated by the people of the state anymore.",0.789453387260437,0.5942646265029907,0.8569587469100952,0.9094715118408203,0.9222503304481506,0.9348593950271606,0.3854723572731018,0.7177548408508301
20,1033,ขณะที่การนำเข้าวัวจากประเทศเพื่อนบ้านเปลี่ยนแปลงไป,ขณะที่การนำเข้าโคจากประเทศเพื่อนบ้านมีการเปลี่ยนแปลง,While importing cows from neighboring countries have changed,While importing cows from neighboring countries,0.8944311141967773,0.8160274028778076,0.870609700679779,0.7561097741127014,0.6564778089523315,0.7476816773414612,0.4288075864315033,0.5958890318870544
21,1073,ไม่ได้หมายความว่า นายบิน ลาดิน หลบซ่อนตัวอยู่ในปากีสถาน นายอาร์มิเทจยังยอมรับว่า เขาไม่ทราบว่านายบิน ลาดินหลบซ่อนตัวในสถานที่ใด แต่ยืนยันว่า สหรัฐจะต้องตามล่าตัวนายบิน ลาดินให้ได้,ไม่ได้หมายความว่า นายบิน ลาดิน หลบซ่อนอยู่ในประเทศปากีสถาน นายอาร์มิเทจยังยอมรับว่า เขาไม่รู้ว่านายบิน ลาดินซ่อนตัวอยู่ที่ไหน แต่ยืนกรานว่าสหรัฐฯจะต้องตามล่าตัวนายบิน ลาดินให้ได้,Does not mean that Mr Bin La Din is hidden in Pakistan Mr Arimate also admitted that He doesn't know Mr. Bin. Where is La Din hiding? But insists that the United States must hunt down Mr. Bin La Din,"Does not mean that Mr Bin La Din is hiding in Pakistan Mr Arimate also admitted that He doesn't know Mr. Bin. Latin hiding in any place, but confirmed that the United States must hunt down Mr. Bin La Din.",0.8824579119682312,0.9365259408950806,0.9715518355369568,0.9754703640937805,0.9733812808990479,0.9318000078201294,0.6664562821388245,0.48277682065963745
22,1093,มีคนร้ายไม่ทราบจำนวน บุกปล้นปืนชุดรักษาความปลอดภัยของหมู่บ้าน (ชรบ.)ใน อ.สุคิริน,ชุดรักษาความปลอดภัยของหมู่บ้าน (ชรบ.)ใน อ.สุคิรินถูกคนร้ายไม่ทราบจำนวนบุกปล้นปืน,"Village security set (Chor.) In Sukirin District, being unknown by the number of criminals",There is an unknown number of criminals. Raid the safety gun of the village (Chor.) In Sukirin District,0.518950343132019,0.728523850440979,0.7367689609527588,0.9749201536178589,0.9231074452400208,0.86055588722229,0.5799235105514526,0.5366103649139404
23,1110,นายปริญญายอมรับว่า มีอาจารย์จำนวนไม่น้อยที่ไม่สบายใจที่จะเข้าพบนายกฯเพราะไม่แน่ใจว่าจะได้ประโยชน์อะไรจริงหรือไม่,นายปริญญายอมรับว่า มีอาจารย์จำนวนไม่น้อยที่ไม่สบายใจเพราะไม่แน่ใจว่าจะได้ประโยชน์อะไรจริงหรือไม่จากการเข้าพบนายกฯ,Mr. Parin acknowledged that There are quite a few professors who are uncomfortable because they are not sure whether they will benefit anything or not from meeting the prime minister.,Mr. Parin acknowledged that There are not many teachers who are uncomfortable to meet the prime minister because they are not sure whether they will benefit anything or not.,0.7778699994087219,0.6903640031814575,0.9690577983856201,0.9743223786354065,0.9597412347793579,0.9802939891815186,0.3829379677772522,0.6233792304992676
24,1128,ดร.วิชัยกล่าวและว่าสิ่งที่น่าห่วงคือปัญหาการควบคุมตรวจสอบจะอยู่ในความรับผิดชอบของใคร,ใครจะรับผิดชอบปัญหาการควบคุมตรวจสอบคือสิ่งที่น่าห่วง ดร.วิชัยกล่าว,Who will be responsible for the control and inspection problem is a concern. Dr. Wichai said,Dr. Wichai said that the concern is the problem of control and inspection will be in the responsibility of anyone.,0.6254205703735352,0.624617338180542,0.9291996955871582,0.6932811737060547,0.9188681840896606,0.8945415616035461,0.43946927785873413,0.8093013167381287
25,1132,ที่สำคัญร้านค้าเหล่านี้ถือเป็นแหล่งเศรษฐกิจที่หล่อเลี้ยงประชาชน,ที่สำคัญร้านค้าเหล่านี้ถือเป็นแหล่งเศรษฐกิจที่หล่อเลี้ยงประชาชน,"Importantly, these stores are considered an economic source that nourishes the people.","Importantly, these stores are considered an economic source that nourishes the people.",1.0000001192092896,0.9999998807907104,1.0,1.0,0.9999998807907104,0.9999998807907104,0.8083506226539612,0.7704494595527649
26,1142,นายอานันท์ ปันยารชุน อดีตนายกรัฐมนตรีกล่าววันนี้ อดีตนายกรัฐมนตรีกล่าวแสดงความห่วงใยสถานการณ์ความไม่สงบในพื้นที่ 3 จังหวัดชายแดนภาคใต้ โดยเห็นว่า รัฐบาลควรใช้ความยืดหยุ่นในการแก้ไขปัญหา,อดีตนายกรัฐมนตรี นายอานันท์ ปันยารชุน กล่าวแสดงความห่วงใยต่อสถานการณ์ความไม่สงบในพื้นที่ 3 จังหวัดชายแดนภาคใต้  และแสดงความคิดเห็นว่ารัฐบาลควรใช้ความยืดหยุ่นในการแก้ไขปัญหา,"Former Prime Minister, Anand Panyarachun, said concern about the unrest in the 3 southern border provinces. And commenting that the government should use flexibility to solve problems","Mr Anand Panyarachun, former Prime Minister, said today. Former Prime Minister said concern for the unrest in the 3 southern border provinces, with the government should use flexibility to solve problems.",0.9124332666397095,0.5830279588699341,0.9614835977554321,0.9102420210838318,0.9166702032089233,0.9232403635978699,0.5957304239273071,0.812279224395752
27,1173,แต่ทราบข่าวว่า ทางการไฟฟ้าฝ่ายผลิตแห่งประเทศไทย(กฟผ.) มีโครงการขยายพื้นที่,แต่ทราบข่าวว่าทางการไฟฟ้าฝ่ายผลิตแห่งประเทศไทยมีโครงการเพิ่มพื้นที่,But heard the news that the Electricity Generating Authority of Thailand has a project to increase the area,But heard the news that The Electricity Generating Authority of Thailand (EGAT) has a project to expand the area.,0.9512971639633179,0.8378366231918335,0.9480212926864624,0.610425591468811,0.8773840665817261,0.860467255115509,0.5914852619171143,0.7185856699943542
28,1217,เปิดเผยว่า ไทยได้ชี้แจงให้สหรัฐฯทราบว่าปัญหาในภาคใต้เป็นความพยายามสร้างความขัดแย้งให้เกิดขึ้นระหว่างชาวไทยพุทธ และชาวไทยมุสลิม,เปิดเผยว่า สหรัฐฯได้รับการชี้แจ้งจากไทยว่าปัญหาในภาคใต้ของไทยเป็นความพยายามสร้างความขัดแย้งให้เกิดขึ้นระหว่างชาวไทยมุสลิมและชาวไทยพุทธ,Revealed that the United States has been informed by Thailand that problems in the southern Thailand are an attempt to create conflicts between Thai Muslims and Thai Buddhists.,Revealed that Thailand has explained to the United States that problems in the south are an attempt to create conflicts between the Thai Buddhists. And Thai Muslims,0.8551323413848877,0.49707359075546265,0.9745560884475708,0.9549064636230469,0.9564720392227173,0.5011346936225891,0.34345632791519165,0.6617472171783447
29,1256,แต่นายกรัฐมนตรี พ.ต.ท. ทักษิณ ชินวัตร ได้สั่งให้ทางการบินไทยชะลอการลงนามในสัญญาซื้อขายไว้ก่อน แต่ให้ออก LETTER OF INTEND ไว้ เพื่อเป็นหลักประกันการทำสัญญา,แต่พ.ต.ท. ทักษิณ ชินวัตร นายกรัฐมนตรีได้สั่งให้ทางการบินไทยออก LETTER OF INTEND ไว้ เพื่อเป็นหลักประกันการทำสัญญา และให้ชะลอการลงนามในสัญญาซื้อขายไว้ก่อน ,But the Prime Minister Thaksin Shinawatra has ordered the Thai Airways to issue the Letter of Intend as a guarantee of contract. And to delay the signing of the contract first,"But the Prime Minister Thaksin Shinawatra has ordered the Thai Airways to delay the signing of the contract, but to issue the Letter of Intend as a contract collateral.",1.0,0.7816582322120667,0.9819837808609009,0.823767900466919,0.9597077965736389,0.9423621892929077,0.5510621070861816,0.5553200244903564
30,1257,และในเบื้องต้นคิดว่ายังเร็วเกินไปที่จะสรุปว่ามีสาเหตุมาจากการลอบทำร้าย,และยังไม่สามารถสรุปได้ว่าสาเหตุมาจากการลอบทำร้าย,And still cannot conclude that the cause of assault,And initially thought that it was too fast to conclude that it was caused by assault,0.6318555474281311,0.27080583572387695,0.8467193841934204,0.6480427980422974,0.4376697540283203,0.9333693981170654,0.6974941492080688,0.770685076713562
31,1272,"หากไม่ปฏิบัติตามจะมีโทษจำคุกไม่เกิน 2 ปี หรือปรับไม่เกิน 4,000 บาท หรือทั้งจำทั้งปรับ","มีโทษจำคุกไม่เกิน 2 ปี หรือปรับไม่เกิน 4,000 บาท หรือทั้งจำทั้งปรับหากไม่ปฏิบัติตาม","There are imprisonment not exceeding 2 years or a fine not exceeding 4,000 baht or both.","If not following, there will be a prison sentence of not more than 2 years or a fine not exceeding 4,000 baht or both.",0.7429709434509277,0.7313580513000488,0.8551230430603027,0.9821184277534485,0.9759829044342041,0.9671877026557922,0.7518373727798462,0.7612297534942627
32,1283,สำหรับกรณีของประเทศไทยแม้จะเกินเวลา 6 เดือนแล้ว แต่ก็ยังมีสิทธิ์ฟ้องเพิกถอนต่อศาลได้ตลอดอายุของสิทธิบัตร,สำหรับกรณีของประเทศไทยยังมีสิทธิ์ฟ้องเพิกถอนต่อศาลได้ตลอดอายุของสิทธิบัตรแม้จะเกินเวลา 6 เดือนแล้วก็ตาม,"For the case of Thailand, it is still eligible to prosecute the court throughout the age of the patent, even more than 6 months.","For the case of Thailand, even more than 6 months, but still have the right to sue the court throughout the patent age.",0.7391905188560486,0.9142158031463623,0.9566657543182373,0.9693655967712402,0.9512473940849304,0.9596254229545593,0.5345889925956726,0.6101059317588806
33,1336,เจ้าหน้าที่ระดับสูงของอาเซียนคาดว่า จะมีการลงนามข้อตกลงและแถลงการณ์ต่าง ๆ มากถึง 35 ฉบับ ทั้งนี้ข้อตกลงที่สำคัญเรื่องหนึ่งคือ การเปิดเขตการค้าเสรีที่ใหญ่ที่สุดในโลกระหว่างอาเซียนกับจีน,เจ้าหน้าที่ระดับสูงของอาเซียนคาดการณ์ว่าจะมีการแถลและงการณ์ลงนามข้อตกลงต่าง ๆ มากถึง 35 ฉบับ หนึ่งในข้อตกลงที่สำคัญเรื่องหนึ่ง คือ การเปิดเขตการค้าเสรีระหว่างอาเซียนกับจีนซึ่งเป็นเขตการค้าเสรีที่ใหญ่ที่สุดในโลก,"ASEAN officials of ASEAN predict that there will be a sign of up to 35 agreements, one of the important agreements is the opening of the free trade zone between ASEAN and China, which is a trade zone. The largest free of the world",ASEAN senior officials expect that There will be an agreement and 35 various statements. One important agreement is Opening the largest free trade zone in the world between ASEAN and China,0.6579278707504272,0.8614187240600586,0.890353798866272,0.7929137349128723,0.9675054550170898,0.978381872177124,0.7372475266456604,0.6908237934112549
34,1437,คงมีเหตุจากการใช้จ่ายอย่างเกินตัว หรือไม่ก็ใช้จ่ายพอดีตัวอยู่แล้ว แต่เงินที่หาได้กลับมีไม่พอ แต่หากมีคนบอกว่า สาเหตุแห่งความยากจนมันไม่ได้มีเท่านั้น,คงมีต้นเหตุจากการที่เงินที่หาได้กลับมีไม่พอ ทำให้เกิดการใช้จ่ายอย่างเกินตัว หรือไม่ก็ใช้จ่ายพอดีตัว แต่หากมีคนบอกว่าสาเหตุแห่งความยากจนมันไม่ได้มีเท่านั้น,There is probably not enough root causes of money. Causing excess spending Or use it But if someone says that the cause of poverty is not only,There is probably a reason for spending too much. Or already spend But the money that was not found is not enough But if someone says The cause of poverty is not only.,0.6643253564834595,0.9309953451156616,0.9340852499008179,0.9557312726974487,0.9656934142112732,0.9427822828292847,0.835773766040802,0.7533187866210938
35,1505,อาจารย์ประจำคณะรัฐศาสตร์ จุฬาลงกรณ์มหาวิทยาลัยกล่าวว่า เสียงสะท้อนของสังคมไทยจากกรณีตากใบที่ยังพอใจกับการใช้ความรุนแรงของรัฐ แสดงว่าสังคมไทยยังคงเป็นสังคมแห่งการใช้อารมณ์ และการแสดงความเห็น,สังคมไทยยังคงเป็นสังคมแห่งการใช้อารมณ์และการแสดงความเห็น จากเสียงสะท้อนของสังคมไทยต่อกรณีตากใบที่ยังพอใจกับการใช้ความรุนแรงของรัฐ อาจารย์ประจำคณะรัฐศาสตร์ จุฬาลงกรณ์มหาวิทยาลัยกล่าว,Thai society is still a society of emotions and comments. From the resonance of Thai society on the case of Tak Bai that is still satisfied with the use of the violence of the state Faculty of Political Science Chulalongkorn University said,Faculty of Political Science Chulalongkorn University said The resonance of Thai society from the case of Tak Bai that is still satisfied with the use of the violence of the state. Shows that Thai society is still a society of emotional use And comments,0.32757729291915894,0.9175677299499512,0.9509133100509644,0.9263083934783936,0.9401000738143921,0.9404902458190918,0.4069971442222595,0.6223887205123901
36,1511,เจ้าของร้านกิตติพจน์ ซึ่งเป็นร้านขายของชำ กล่าวว่า หลังจากที่มีการประกาศให้จำหน่ายสุราได้วันละ 2 ช่วง ยังไม่ส่งผลกระทบต่อร้านขายของชำมากนัก,เจ้าของร้านกิตติพจน์ ซึ่งเป็นร้านขายของชำ กล่าวว่า ร้านขายของชำยังไม่ได้รับผลกระทบมากนักต่อการประกาศให้จำหน่ายสุราได้วันละ 2 ช่วง ,"The owner of Kitti Pot shop Which is a grocery store, said that the grocery store is not much affected by the announcement to sell alcohol 2 times a day","The owner of Kitti Pot shop Which is a grocery store, said that after the announcement of the sale of alcohol 2, the period does not affect the grocery store much.",1.0,0.4872293174266815,0.9562627077102661,0.9514715671539307,0.9345146417617798,0.9769964218139648,0.6737029552459717,0.600046694278717
37,1678,เร่งรัดการพัฒนาระบบคมนาคมขนส่ง และการสื่อสาร ที่จะเชื่อมโยงระหว่างพื้นที่ที่เป็นฐานการผลิตของทั้ง 3 ประเทศ เพื่ออำนวยความสะดวกแก่นักลงทุน,เพื่ออำนวยความสะดวกแก่นักลงทุน ต้องเร่งรัดการพัฒนาระบบคมนาคมขนส่งและการสื่อสารที่จะเชื่อมโยงระหว่างพื้นที่ที่เป็นฐานการผลิตของทั้ง 3 ประเทศ ,To facilitate investors Must accelerate the development of transportation systems and communications that will connect between the production bases of all 3 countries.,Accelerate the development of transportation systems And communication To connect between the production base of all 3 countries to facilitate investors,0.7161812782287598,0.83623206615448,0.9484721422195435,0.9735042452812195,0.968751072883606,0.9425427913665771,0.6948566436767578,0.757931113243103
38,1707,รัฐบาลพลเอกชวลิตตัดสินใจจ่ายเงินค่าชดเชยดังกล่าว ส่งผลให้ต่อมาราษฎรกลุ่มที่ราชการจัดตั้งพากันเบนเป้าหมายมาเรียกร้องค่าชดเชยกับทางราชการด้วย,ราษฎรกลุ่มที่ราชการจัดตั้งพากันเบนเป้าหมายมาเรียกร้องค่าชดเชยกับทางราชการด้วย เนื่องจากรัฐบาลพลเอกชวลิตตัดสินใจจ่ายเงินค่าชดเชยดังกล่าว,The people of the government established the target to claim compensation with the government. Because the General Chavalit government decided to pay the said compensation,"The government of General Chavalit decided to pay the said compensation. As a result, the people of the government established the target to demand compensation with the government.",0.6444699764251709,0.5333354473114014,0.9640200734138489,0.9335849285125732,0.9088465571403503,0.9696141481399536,0.4949333071708679,0.7984672784805298
39,1781,ซึ่งการเพิ่มจำนวนโรงเรียนที่มีชื่อเสียงจะทำให้ผู้ปกครองสามารถนำบุตรหลานเข้าเรียนได้โดยไม่ต้องเดินทางไกลจากที่พัก,ซึ่งผู้ปกครองสามารถนำบุตรหลานเข้าเรียนได้โดยไม่ต้องเดินทางไกลจากที่พักหากมีการเพิ่มจำนวนของโรงเรียนที่มีชื่อเสียง,Which parents can bring their children to school without having to travel far from the accommodation if the number of famous schools,Which increases the number of famous schools will allow parents to bring their children to school without having to travel far from the accommodation,0.6792657971382141,0.6826593279838562,0.9229663014411926,0.9420672655105591,0.7888081073760986,0.9999998807907104,0.7659723162651062,0.4591960310935974
40,1791,ตนจึงได้เตรียมโทรศัพท์ไปพูดคุยกับรัฐมนตรีว่าการกระทรวงมหาดไทย ประเทศมาเลเซีย เพื่อยุติปัญหาความไม่เข้าใจกันให้หมดไปในทุกเรื่อง,เพื่อยุติปัญหาความไม่เข้าใจกันให้หมดไปในทุกเรื่อง ตนจึงได้เตรียมโทรศัพท์ไปพูดคุยกับรัฐมนตรีว่าการกระทรวงมหาดไทย ประเทศมาเลเซีย ,To end the problem of not understanding each other in all matters He therefore prepared the phone to talk to the Minister of Interior. Malaysia,He therefore prepared the phone to talk to the Minister of Interior. Malaysia To end the problem of not understanding each other in all matters,0.43145298957824707,0.8566949367523193,0.9639031887054443,0.9881163835525513,0.9291159510612488,0.9398982524871826,0.6442762613296509,0.7316356897354126
41,1799,สารพันธุกรรมพื้นฐานที่ถูกนำไปจดสิทธิบัตรในครั้งนี้เป็นของประเทศไทยและถูกนำไปจากประเทศไทย,สารพันธุกรรมพื้นฐานที่ถูกนำไปจดสิทธิบัตรในครั้งนี้ถูกนำไปจากไทยและเป็นของไทย,The basic genetic material that has been patented this patent was taken from Thailand and belonging to Thailand.,The basic genetic material that has been patented in Thailand and was taken from Thailand.,0.8964313864707947,0.9533581137657166,0.9619415402412415,0.9210425615310669,0.7924473881721497,0.8960455656051636,0.3401658833026886,0.5658107399940491
42,1855,เนื่องจากต้องเข้าไปสำรวจและลงพื้นที่จริงเสียก่อน แต่เบื้องต้นนั้นคาดว่าจะเกิดการเปลี่ยนแปลงทางระบบนิเวศ โดย เฉพาะกับแนวปะการังใต้ทะเล นายไมตรี ดวงสวัสดิ์ อธิบดีกรมทรัพยากรทางทะเลและชายฝั่ง,เนื่องจากต้องเข้าไปลงพื้นที่จริงและสำรวจก่อน แต่เบื้องต้นคาดการณ์ว่าจะเกิดการเปลี่ยนแปลงทางระบบนิเวศ โดยเฉพาะกับแนวปะการังใต้ทะเล นายไมตรี ดวงสวัสดิ์ อธิบดีกรมทรัพยากรทางทะเลและชายฝั่ง,"Due to having to go to the real area and explore first But initially predicted that the ecological change would occur Especially with the coral reefs under the sea, Mr. Maitri Duangsawat, Director -General of the Department of Marine and Coastal Resources","Due to having to go to explore and enter the real area first But initially, it is expected to change the ecosystem, especially with the coral reefs under the sea, Mr. Maitree Duangsawat, Director -General of the Department of Marine and Coastal Resources",0.9025293588638306,0.9078062772750854,0.9713189601898193,0.9511228799819946,0.9563751816749573,0.9513199925422668,0.7689374685287476,0.6277081370353699
43,1866,โดยสถานพยาบาลจะได้รับค่าใช้จ่ายจากกองทุนหลักประกันสุขภาพ งบประมาณดังกล่าวเป็นส่วนของงบอุบัติเหตุฉุกเฉิน ของกองทุนหลักประกันสุขภาพ สปสช.,โดยสถานพยาบาลจะได้รับค่าใช้จ่ายจากกองทุนหลักประกันสุขภาพ ซึ่งงบประมาณนี้เป็นส่วนหนึ่งของงบอุบัติเหตุฉุกเฉินจากกองทุนหลักประกันสุขภาพ สปสช.,In which the hospital will receive expenses from the Health Security Fund This budget is part of the emergency budget from the NHSO Health Security Fund.,In which the hospital will receive expenses from the Health Security Fund The said budget is a part of the UK budget. Of the NHSO Health Security Fund,0.9999998807907104,0.8498134613037109,0.9404960870742798,0.9482921361923218,0.9811340570449829,0.9761432409286499,0.6702743768692017,0.7497770190238953
44,1880,ส่วนด้านที่แนวปะการังพังเยอะมากที่สุดก็คงจะเป็นพีพีเท่าที่เช็คได้มา เพราะว่าข้อมูลมันหลากหลาย บอกได้ว่าค่อนข้างจะเสียหายมาก,ส่วนฝั่งที่แนวประการังพังจำนวนมากที่สุดเท่าที่ตรวจสอบมาได้คือเกาะพีพี เนื่องจากข้อมูลมีความหลากหลาย แต่กล่าวได้ว่าได้รับความเสียหายค่อนข้างมาก,"As for the coral reefs, the most broken is the Phi Phi Island. Because the data is diverse But can say that it has been quite damaged","As for the side that the coral reef is the most broken, it would be PP as much as I checked. Because the information is diverse Can say that it is quite damaged",0.9142400026321411,0.8550984859466553,0.8632408380508423,0.7754944562911987,0.8272333145141602,0.902664303779602,0.7078357934951782,0.8033915758132935
45,1922,ดร.ธวัชเสนอตัวว่าตนเองมีโครงร่างแผนการป้องกันแผ่นดินไหวและมีนักวิชาการจากต่างประเทศที่พร้อมจะให้ความร่วมมือเพื่อทำการศึกษาวิจัยด้วย,ดร.ธวัชออกตัวว่าเขานั้นมีแบบร่างแผนการป้องกันแผ่นดินไหวและมีนักวิชาการจากต่างประเทศที่พร้อมจะให้ความร่วมมือในการทำการวิจัยด้วย,Dr. Thawat fills up that he has a draft of an earthquake protection plan and a foreign academic that is ready to cooperate in research.,Dr. Thawat proposed that he had a structure of an earthquake protection plan and a foreign academic that was ready to cooperate to conduct research.,0.683782696723938,0.958611011505127,0.9283634424209595,0.9023300409317017,0.9845885038375854,1.000000238418579,0.5955981016159058,0.47679007053375244
46,1928,"โดยคาดว่าจะมีนักท่องเที่ยวต่างชาติเดินทางเข้ามาลดลงในช่วงวันหยุดปีใหม่นี้ ซึ่งในส่วนนี้ถูกกระทบทำให้รายได้จากการท่องเที่ยวของชาวต่างชาติลดลงไปประมาณ30%หรือคิดเป็นเม็ดเงินสูญเสีย 5,000 ล้านบาท",ซึ่งคาดว่าในช่วงวันหยุดขึ้นปีใหม่นี้ จะมีนักเดินทางชาวต่างชาติเดินทางเข้ามาน้อยลง ซึ่งส่งผลกระทบให้สูญเสียรายรับจากการท่องเที่ยวของนักท่องเที่ยวชาวต่างชาติไปเป็นจำนวนเงินประมาณร้อยละ 30 หรือคิดเป็น 5000 ล้านบาท,Which is expected during this new year holiday There will be fewer foreign travelers coming in. Which affects the loss of revenue from tourism of foreign tourists to an amount of approximately 30 percent or 5000 million baht,"It is expected that foreign tourists will come in during this new year holiday. This part has been affected by a foreign tourism revenue to decrease by about 30%, or a loss of 5,000 million baht.",0.6014037728309631,0.6670847535133362,0.9658821225166321,0.8713152408599854,0.9183214902877808,0.9442945718765259,0.7874631881713867,0.9142893552780151
47,1955,นายสถานีขนส่งผู้โดยสารจังหวัดภูเก็ตกล่าวว่า กลุ่มนักท่องเที่ยวที่จองตั๋วเดินทางมาเที่ยวปีใหม่ที่ จ.ภูเก็ตคืนตั๋วเดินทางประมาณ 20%,นายท่ารถจังหวัดภูเก็ตพูดว่า ประมาณร้อยละ 20 ของกลุ่มนักท่องเที่ยวที่จองตั๋วจะมาเที่ยวปีใหม่ที่ภูเก็ตนั้นคืนตั๋ว,"Phuket bus terminal says about 20 percent of the group of tourists who book tickets will come to the new year in Phuket, return the ticket.","The Bus Terminal of Phuket Province said A group of tourists who book tickets to visit the new year at Phuket Province, returns about 20% travel tickets.",0.4376915395259857,0.8337939977645874,0.9218584299087524,0.8579134345054626,0.8460990786552429,0.7920056581497192,0.7335761785507202,0.746330201625824
48,1961,ปรับแผนการท่องเที่ยวจากเดิม ที่เคยวางแผนไว้ว่าจะเดินทางไปท่องเที่ยวในบริเวณชายฝั่งอันดามัน แล้วมาท่องเที่ยวในบริเวณชายฝั่งอ่าวไทยแทน,เปลี่ยนแผนการท่องเที่ยวจากเดิม ที่เคยว่าแผนว่าจะไปดำเนินการท่องเที่ยวในแถบชายฝั่งอันดามัน มาเป็นท่องเที่ยวในบริเวณฝั่งอ่าวไทยแทน ,Change the tourism plan from the original That used to say that the plan would go to travel in the Andaman coast To be a tourist on the Gulf of Thailand instead,Adjust the tourism plan from the original Who had planned to travel to the Andaman coast Then come to travel on the Gulf of Thailand instead,0.7057918310165405,0.8592745065689087,0.9618884921073914,0.8181729912757874,0.9494555592536926,0.9613460898399353,0.5690063238143921,0.7868157029151917
49,1998,ในฐานะตัวแทน พ.ต.ท.ทักษิณ ชินวัตร นายกรัฐมนตรี ตัวแทนไทยจะเสนอให้จัดตั้งระบบเตือนภัยล่วงหน้าทั้งภูมิภาค รวมถึงการเพิ่มการประสานงานด้านการให้ความช่วยเหลือทีรวดเร็ว,ในฐานะตัวแทน พ.ต.ท.ทักษิณ ชินวัตร นายก ตัวแทนประเทศไทยจะเสนอให้ติดตั้งระบบเตือนภัยล่วงหน้าทั่วทั้งภาค และเพิ่มการประสานงานเรื่องให้ความช่วยเหลืออย่างรวดเร็ว,"As a representative of Pol. Maj. Thaksin Shinawatra, the Prime Minister of Thailand, will propose to install a warning system in advance throughout the region. And increase the coordination of providing assistance quickly","As a representative of the Prime Minister Thaksin Shinawatra, the Thai representative, will propose to establish a warning system in advance in the entire region. Including increasing the coordination of fast assistance",0.7362804412841797,0.8941891193389893,0.9687662124633789,0.8982430696487427,0.9438111782073975,0.79509437084198,0.3792908191680908,0.595007598400116
50,1,เพียงแต่ทบทวนและปรับปรุงเพิ่มเติม สำนักงานพัฒนาวิทยาศาสตร์และเทคโนโลยี จัดสัมมนาเกี่ยวกับมะละกอดัดแปลงพันธุกรรมในประเทศไทย,แค่ทบทวนและปรับปรุงเพิ่มเติม สำนักงานพัฒนาวิทยาศาสตร์และเทคโนโลยี จัดประชุมเกี่ยวกับมะละกอตัดต่อพันธุกรรมในไทย,"Just review and improve Office of Science and Technology Development Held a meeting about papaya, cutting genetics in Thailand",Just review and improve Office of Science and Technology Development Organize a seminar on genetic modifications in Thailand.,1.0000001192092896,0.7427560091018677,0.8325968980789185,0.5792458057403564,0.8641960620880127,0.9225634932518005,0.4542055130004883,0.5786318182945251
51,4,อาจารย์ประจำคณะเศรษฐศาสตร์ มหาวิทยาลัยธรรมศาสตร์ กล่าวว่า นายกฯ ทักษิณ คือองค์ประกอบที่เป็นปัญหาของประเทศขณะนี้,นายกรัฐมนตรีทักษิณคือปัจจัยที่เป็นปัญหาของประเทศ ณ ตอนนี้ อาจารย์ประจำคณะเศรษฐศาสตร์ มหาวิทยาลัยธรรมศาสตร์กล่าว,"Prime Minister Thaksin is a country's problem. At this time, the professor of the Faculty of Economics Thammasat University said",Faculty of Economics Thammasat University said that Prime Minister Thaksin is the country's problem.,0.35481035709381104,0.8173008561134338,0.9472908973693848,0.9139162302017212,0.9170459508895874,0.9152146577835083,0.5792837142944336,0.7871754169464111
52,13,"อย่างไรก็ตาม ภาคประชาชนคงต้องค่อยๆ ผลักดันต่อไป เพราะกรุงโรมไม่ได้สร้างเสร็จภายในวันเดียว"" นายวิฑูรย์กล่าว รายงานโดย : มุทิตา เชื้อชั่ง ศูนย์ข่าวประชาไท",กรุงโรมไม่ได้สร้างเสร็จภายในวันเดียว ดังนั้นภาคประชาชนคงต้องค่อยๆ ผลักดันต่อไป เพราะ นายวิฑูรย์กล่าว  มุทิตา เชื้อชั่ง จากศูนย์ข่าวประชาไท รายงาน,"Rome was not completed in one day. Therefore, the public sector must gradually push further because Mr Witoon said the scales from the Prachatai News Center.","However, the public sector would have to gradually push further because Rome was not completed in one day, ""said Mr Witoon. Reported by: Muthita Chuea, Prachatai News Center.",0.6935546398162842,0.8498653769493103,0.9017903804779053,0.8943915367126465,0.9216357469558716,0.937943160533905,0.6175521612167358,0.6651788353919983
53,34,เมื่อบริษัทกัลฟ์ ฯ นำเรือออกสำรวจปลาวาฬ แต่ชาวบ้านให้นำเรือมาตรวจสอบก่อน,ชาวบ้านให้นำเรือมาตรวจสอบก่อน ก่อนบริษัทกัลฟ์ ฯ นำเรือออกสำรวจวาฬ,The villagers brought the boat to check first. Before the Gulf Company brought the boat to explore whales,When the Gulf Company brought the boat to explore the whale But the villagers brought the boat to check first,0.5834263563156128,0.7531353235244751,0.9320206046104431,0.8813647627830505,0.7516916990280151,0.8410764932632446,0.5065975189208984,0.7529593706130981
54,49,ปัจจุบันขยะในกรุงเทพฯ ถูกนำไปฝังกลบนอกกรุงเทพฯ ซึ่งก่อให้เกิดความไม่เป็นธรรมทางสังคมและสิ่งแวดล้อม,ปัจจุบันขยะใน ก.ท.ม. ถูกนำไปฝังกลบนอก ก.ท.ม. จึงเกิดความอยุติธรรมทางสังคมและสิ่งแวดล้อม,"Currently, the garbage in the Ministry of Education has been buried outside the Ministry of Education, therefore, social and environmental injustice.","Currently, garbage in Bangkok Was taken out of Bangkok Which causes social and environmental unfairness",0.6806071996688843,0.3449743986129761,0.38209426403045654,0.6479198932647705,0.6991184949874878,0.5317884683609009,0.3828712999820709,0.22771628201007843
55,52,"ปตท.จะจัดส่งน้ำมันเตามาตรฐานกำมะถันตั้งแต่ 0.5-3.5% จำนวน 4,000 ล้านลิตร","ปตท.จะจัดส่งน้ำมันเตามาตรฐานกำมะถันตั้งแต่ร้อยละ 0.5-3.5 ปริมาณ 4,000 ล้านลิตร","PTT will deliver the standard oil stove from 0.5-3.5 percent of 4,000 million liters.",PTT will deliver 40 million liters of sulfur stove from sulfur.,0.7418324947357178,0.39218997955322266,0.786017119884491,0.9430232644081116,0.9523541927337646,0.9510664343833923,0.433840811252594,0.5275001525878906
56,62,มีการรับแจ้งเหตุลักษณะดังกล่าวในพื้นที่ กทม. แล้ว 50 ครั้งด้วยกัน,ในกรุงเทพมหานครมีการรับแจ้งเหตุลักษณะดังกล่าวแล้ว 50 ครั้ง,"In Bangkok, there are 50 reports of the said characteristics.",There are 50 reports in Bangkok.,0.6945056915283203,0.9063295125961304,0.8975188732147217,0.8502984046936035,0.9310661554336548,0.7578426599502563,0.47803789377212524,0.44927018880844116
57,70,"น้ำจะท่วมพื้นที่ประมาณ 30,000-40,000 ไร่ จัดเป็นเขื่อนขนาดใหญ่","ถือเป็นเขื่อนขนาดใหญ่เพราะน้ำจะท่วมพื้นที่ประมาณ 30,000-40,000 ไร่ ","Regarded as a large dam because the water will flood the area around 30,000-40,000 rai","The water will flood the area around 30,000-40,000 rai is a large dam.",0.6661233901977539,0.9578649997711182,0.9110313653945923,0.9607119560241699,0.8700312376022339,0.9147464632987976,0.6989936828613281,0.8690460920333862
58,74,"ผู้สมัครหมายเลข 7 ได้รับคะแนนเสียงลำดับที่ 2 ที่619,039 คะแนน ส่วนลำดับที่ 3 คือนายชูวิทย์ กมลวิศิษฐ์ ได้รับคะแนนเสียง 334,168 คะแนน รายงานโดย : ศูนย์ข่าวประชาไท","ลำดับที่ 2 ผู้สมัครหมายเลข 7 ได้รับ 619,039 คะแนนเสียง ทางด้านลำดับที่ 3 คือนายชูวิทย์ กมลวิศิษฐ์ ได้รับ 334,168 คะแนนเสียง ศูนย์ข่าวประชาไทรายงาน","No. 2, the applicant number 7 received 619,039 votes. The 3rd vote is Mr. Chuwit Kamonwisit received 334,168 votes, Pracha Sai News Center.","Applicants number 7 received the 2nd vote at 619,039 points. The 3rd number is Mr. Chuwit Kamonwisit received a vote of 334,168 reports by: Prachatai News Center.",0.8855056762695312,0.9004381895065308,0.9465473294258118,0.949925422668457,0.9546670913696289,0.9139150381088257,0.6994315385818481,0.6996272802352905
59,90,รัฐมนตรีว่าการกระทรวงวิทยาศาสตร์และเทคโนโลยี กล่าวว่า คณะรัฐมนตรีมีมติเห็นชอบการนำระบบสารสนเทศออนไลน์เพื่อรวบรวมข้อมูลเกี่ยวกับทรัพยากรน้ำในทุกพื้นที่ทั่วประเทศ มาใช้บริหารจัดการน้ำ,ค.ร.ม. มีมติเห็นชอบการรวบรวมข้อมูลเกี่ยวกับทรัพยากรน้ำในทุกพื้นที่ทั่วประเทศด้วยระบบสารสนเทศออนไลน์เพื่อมาใช้บริหารจัดการน้ำ รัฐมนตรีว่าการกระทรวงวิทยาศาสตร์และเทคโนโลยีกล่าว ,The University has approved the collection of information about water resources in all areas nationwide with online information systems for water management. Minister of Science and Technology said,The Minister of Science and Technology said that the Cabinet has approved the introduction of online information systems to gather information about water resources in all areas nationwide. To manage water,0.5609124302864075,0.8315427303314209,0.8928148746490479,0.9287768602371216,0.8737045526504517,0.7116288542747498,0.6951481103897095,0.759108304977417
60,101,ท่านเหล่านี้จะมีบทบาทตั้งแต่ผมเริ่มเปิดดำเนินกิจการเพราะว่าต้องขอใบอนุญาตจากท่าน,เนื่องจากต้องขอใบอนุญาตจากพวกท่าน ท่านเหล่านี้จึงมีบทบาทตั้งแต่ผมเริ่มเปิดดำเนินกิจการของผม,Because you have to ask for a license from you These people have played a role since I started to operate my business.,These people will play a role since I started operating because of having to ask for a license from you.,0.5688959360122681,0.8645010590553284,0.8892563581466675,0.9219642877578735,0.8614428639411926,0.5027652978897095,0.5824662446975708,0.5832043886184692
61,105,ผลก็คือทำให้ผู้ใช้ยาเสพติดในประเทศไทยประมาณ 40-50% กลายเป็นผู้ติดเชื้อเอชไอวี,ผลลัพธ์คือทำให้ประมาณร้อยละ 40-50 ของผู้ใช้ยาเสพติดในประเทศไทย กลายเป็นผู้ติดเชื้อเอดส์,The result is about 40-50 percent of drug users in Thailand. Became a AIDS infection,The result is about 40-50% of drug users in Thailand to become HIV infected.,0.8459702134132385,0.6976020336151123,0.9712921380996704,0.8648923635482788,0.9165483713150024,0.9246880412101746,0.6772452592849731,0.590930700302124
62,106,บริโภคนิยมและโลกาภิวัฒน์ ทำให้วิถีชีวิตที่คนเคารพธรรมชาติอยู่อย่างพอเพียง สมดุล เปลี่ยนไปเป็นต้องการความทันสมัย สะดวกสบาย มั่งคั่ง ตามแบบฉบับชาวกรุงผู้ศิวิไลซ์,วิถีชีวิตที่คนเคารพธรรมชาติอยู่อย่างพอเพียงได้รับผลกระทบจากบริโภคนิยมและโลกาภิวัฒน์ สมดุลเปลี่ยนไปเป็นแบบชาวกรุงผู้ศิวิไลซ์ผู้ต้องการความทันสมัย สะดวกสบาย มั่งคั่ง ,"The way of life in which people respect the nature is sufficiently affected by the popular consumption and globalization. Balanced to a city of civilized people who want to be modern, comfortable, wealth.","Popular consumption and globalization Causing the way of life in which the people respect the nature sufficiently, the balance changes to be modern, convenient, wealth, typical of the people of civilized people",0.6726188659667969,0.7558965682983398,0.9348157644271851,0.867842435836792,0.8673275709152222,0.9118139743804932,0.6913788318634033,0.6409764289855957
63,113,รัฐมนตรีว่าการกระทรวงวิทยาศาสตร์และเทคโนโลยี ถ้อยแถลงข้างต้น,รัฐมนตรีว่าการกระทรวงวิทยาศาสตร์และเทคโนโลยีกล่าวข้างต้น,Minister of Science and Technology said above,Minister of Science and Technology Stated above,0.9062447547912598,0.9402663111686707,0.9165606498718262,0.47273921966552734,0.9200061559677124,0.9740922451019287,0.7124578952789307,0.7373772859573364
64,116,เราจะรวมคนจาก 656 องค์กร เพื่อเข้ายื่นหนังสือต่อนายกรัฐมนตรี ยื่นกับมือ,เราจะรวบรวมคนจาก 656 องค์กร เพื่อเข้ายื่นหนังสือกับมือให้นายกฯ,We will gather people from 656 organizations to submit a letter to the prime minister.,We will include people from 656 organizations to submit a letter to the Prime Minister.,0.9192355275154114,0.9433189630508423,0.963275671005249,0.9492858052253723,0.9422450065612793,0.9087392091751099,0.7068014144897461,0.7388231158256531
65,131,นายราโต โรดริโก ผู้อำนวยการกองทุนการเงินระหว่างประเทศ (ไอเอ็มเอฟ) กล่าว ผู้อำนวยการไอเอ็มเอฟส่งสัญญาณเตือนกลุ่มประเทศผู้บริโภคน้ำมัน ว่า ควรต้องลดอุปสงค์ด้านพลังงานลง,ผู้อำนวยการกองทุนการเงินระหว่างประเทศ (ไอเอ็มเอฟ) นายราโต โรดริโก กล่าวว่า กลุ่มประเทศผู้บริโภคน้ำมันได้รับสัญญาณเตือนจากผู้อำนวยการไอเอ็มเอฟว่าควรต้องลดอุปสงค์ด้านพลังงานลง,"The director of the International Monetary Fund (IMF), Mr Rotor Rodrigo, said that the oil consumer country has received a warning from the Director of IMF that it should reduce energy demand.","Mr Rotor Rodrigo, Director of the International Monetary Fund (IMF), said the director of IMF warning the consumer consumer countries that it should reduce energy demand.",0.6251145601272583,0.9359866380691528,0.9137899279594421,0.7827771306037903,0.9698952436447144,0.9012539386749268,0.530612587928772,0.6292012333869934
66,133,"ทุกวันนี้สื่อเขียนอะไรได้ตามสบายอยู่แล้ว"" พ.ต.ท.ทักษิณ นากยรัฐมนตรี กล่าวกับผู้สื่อข่าวระหว่างเดินทางไปเป็นประธานพิธีเปิดงาน ไทยแลนด์ เพรส แฟร์ ที่เมืองทองธานี","ระหว่างเดินทางไปเป็นประธานพิธีเปิดงาน ไทยแลนด์ เพรส แฟร์ ที่เมืองทองธานี นากยรัฐมนตรี พ.ต.ท.ทักษิณ กล่าวกับผู้สื่อข่าวว่า ""ทุกวันนี้สื่อเขียนอะไรได้ตามสบายอยู่แล้ว""","While traveling to the opening ceremony of the Thailand President in Muang Thong Thani, the Minister of Thani, Thaksin said to reporters that ""Today, the media can write anything comfortably.""","Today, the media can write anything comfortably. ""Pol. Maj. Thaksin Nak, Deputy Minister told reporters while traveling to the opening ceremony of the Thailand Press Fair in Muang Thong Thani.",0.39212340116500854,0.8600842952728271,0.9333204030990601,0.7017039060592651,0.9245787262916565,0.91800856590271,0.6196784377098083,0.7605546712875366
67,143,กกต.จังหวัดสกลนครกระทำผิดกฎหมายเลือกตั้ง และ กกต.กลาง ที่มีอักษรย่อ จ.2 คน เรียกรับเงิน 25 ล้านบาท,กกต.กลาง อักษรย่อ จ. 2 คน เรียกรับเงิน 25 ล้านบาทและกกต.จังหวัดสกลนครกระทำผิดกฎหมายเลือกตั้ง,"The Central Election Commission of Thailand, 2 people, called for 25 million baht and the Election Commission of Sakon Nakhon Province, violated the election.","Sakon Nakhon Provincial Election Commission violates the law and the Central Election Commission with abbreviations, 2 people calling 25 million baht",0.43650901317596436,0.20065614581108093,0.8184527158737183,0.9665915966033936,0.9532510042190552,0.8517271876335144,0.6478776931762695,0.4880746006965637
68,148,ดังนั้นเราต้องพิสูจน์ความจริงไม่ว่าจะออกมาเป็นอย่างไร,ไม่ว่าจะออกมาเป็นอย่างไร เราก็ต้องพิสูจน์ความจริง,Regardless of how it came out We must prove the truth.,So we have to prove the truth no matter what it is.,0.7093263268470764,0.8913399577140808,0.7752185463905334,0.8582956790924072,0.7775658369064331,0.9238450527191162,0.5800853371620178,0.7036074995994568
69,153,"ราคาสินค้าเกษตรแทบทุกชนิดสูงกว่าปีที่แล้ว เช่น ข้าว จาก 5,120 บาทต่อตัน เป็น 5,220 บาทต่อตัน ยางพารา จาก 35.75 บาทต่อกิโลกรัม เป็น 45.19 บาทต่อกิโลกรัม รายงานโดย : ศูนย์ข่าวประชาไท","สินค้าเกษตรเกือบทุกชนิดราคาสูงกว่าปีที่แล้ว เช่น ยางพาราจาก 35.75 บาทต่อกิโลกรัมกลายเป็น 45.19 บาทต่อกิโลกรัม  ข้าวจาก 5,120 บาทต่อตันกลายเป็น 5,220 บาทต่อตัน ศูนย์ข่าวประชาไทรายงาน","Almost all agricultural products are higher than last year, such as rubber from 35.75 baht per kilogram to 45.19 baht per kilogram. Rice from 5,120 baht per ton to 5,220 baht per ton.","The price of almost all kinds of agricultural products than last year, such as rice from 5,120 baht per ton to 5,220 baht per ton of rubber from 35.75 baht per kilogram to 45.19 baht per kilogram. Reported by: Prachatai News Center",0.7704715728759766,0.7363346815109253,0.8470485210418701,0.8331567049026489,0.9095176458358765,0.880718469619751,0.744358479976654,0.8112671375274658
70,159,อ.เถิน จ.ลำปาง เร่งรัฐจ่ายเงินชดเชยค่าที่ดินที่ได้รับผลกระทบจากการก่อสร้างโครงการอ่างเก็บน้ำแม่ มอก นายอุทัย สารมณี ตัวแทนชาวบ้านเวียงมอก กล่าวว่า เมื่อปี พ.ศ.2534,อำเภอเถิน จังหวัดลำปาง เร่งให้ภาครัฐจ่ายเงินชดเชยค่าที่ดินที่ได้รับผลกระทบจากการก่อสร้างโครงการอ่างเก็บน้ำแม่มอก นายอุทัย สารมณี ตัวแทนชาวบ้านเวียงมอก กล่าวว่าในปี พ.ศ.2534 ,"Thoen District, Lampang Province, accelerating the government to pay compensation for land that was affected by the construction of the Mae Mok Reservoir Project, Mr. Uthai Saramanee, representative of the villagers of Wiang Mok, said that in 1991","Lampang District, Lampang Province, accelerating the state paying compensation for the land that was affected by the construction of the Mae Mok Reservoir Project, Mr. Uthai Saramanee, representative of the villagers of Wiang Mok, said that in 1991",0.8312065005302429,0.9637719392776489,0.973962664604187,0.9642624855041504,0.9510160684585571,0.8651416301727295,0.5095890760421753,0.6800928115844727
71,184,รัฐบาลเวียดนามเป็นเจ้าภาพจัดการประชุมภาคประชาชนเอเชีย-ยุโรปครั้งที่ 5 ที่กรุงฮานอย,การประชุมภาคประชาชนเอเชีย-ยุโรปครั้งที่ 5 มีเจ้าภาพเป็นรัฐบาลเวียดนาม จัดที่กรุงฮานอย,The 5th Asian-European People's Meeting has the host of the Vietnamese government. Arranged in Hanoi,The Vietnamese government hosted the 5th Asian-European People's Conference in Hanoi.,0.627672553062439,0.674618124961853,0.9638143181800842,0.9265021681785583,0.9462038278579712,0.8944240808486938,0.734100341796875,0.8297437429428101
72,198,ประกาศหวัดนกในไทยกลับมาระบาดรอบ 2 หลังพบผู้เสียชีวิตติดเชื้อH5N1 ที่ปราจีนบุรี 1 คน,ประกาศไข้หวัดนกในไทยกลับมาระบาดรอบ 2 หลังจากที่ปราจีนบุรีพบผู้เสียชีวิตติดเชื้อ H5N1 จำนวน 1 คน,Announcement of the bird flu in Thailand back to the rose 2 after Prachinburi found 1 person who died.,"Announced the rainfall in Thailand back to the root of 2 rounds, found the death of H5N1 At Prachinburi 1 person",0.7043056488037109,0.15451408922672272,0.7503063678741455,0.9425206780433655,0.942651093006134,0.832927942276001,0.41399410367012024,0.4287148714065552
73,205,กล่าวตอนหนึ่งของการปาฐกถาพิเศษว่า ประเทศไทยมีความรู้เกี่ยวกับท้องถิ่นศึกษา โดยเฉพาะภาคใต้ตอนล่างน้อยมาก,ประเทศไทยมีความรู้เรื่องท้องถิ่นศึกษาน้อย โดยเฉพาะภาคใต้ตอนล่าง กล่าวตอนหนึ่งของการปาฐกถาพิเศษ,Thailand has little knowledge of local education. Especially the lower southern region Said one part of a special speech,Said at one part of the special speech that Thailand has knowledge about local education. Especially the lower southern region is very small,0.6057536602020264,0.7990336418151855,0.963759183883667,0.9298740029335022,0.9570407867431641,0.9098596572875977,0.5645146369934082,0.5869237184524536
74,208,กองทัพได้นำคณะเยาวชนจากจังหวัดภาคใต้ ประกอบด้วยสตูล ปัตตานี ยะลา สงขลา และนราธิวาส จำนวน 240 คน,กองทัพได้นำคณะเยาวชนจากจังหวัดภาคใต้จำนวน 240 คน จากสตูล ปัตตานี ยะลา สงขลา และนราธิวาส ,"The army led 240 youth from Southern provinces from Satun Pattani, Yala, Songkhla and Narathiwat.","The army led the youth from the southern provinces. Consisting of Satun Pattani, Yala, Songkhla and Narathiwat, 240 people",0.7867178916931152,0.840874433517456,0.9182480573654175,0.973850429058075,0.9758954644203186,0.9615776538848877,0.5798909664154053,0.7489700317382812
75,211,บ่ายวันนี้ พล.อ.ชวลิต ยงใจยุทธ รองนายกรัฐมนตรี ได้เรียกผู้ว่าราชการและหัวหน้าส่วนราชการในพื้นที่ 3 จังหวัดชายแดนภาคใต้ มาร่วมประชุมที่ศาลากลาง,บ่ายวันนี้ รองนายกรัฐมนตรี พล.อ.ชวลิต ยงใจยุทธ ได้เรียกหัวหน้าส่วนราชการและผู้ว่าราชการในพื้นที่สามจังหวัดชายแดนภาคใต้มาร่วมประชุมที่ศาลากลาง,"This afternoon, Deputy Prime Minister, Gen. Chavalit Yongchaiyut, called the head of government and governors in the three southern border provinces attended the meeting at the City Hall.","This afternoon, Gen. Chavalit Yongchaiyut, Deputy Prime Minister Called the governor and head of government agencies in the 3 southern border provinces Join the meeting at the town hall",0.7606960535049438,0.46561354398727417,0.912470281124115,0.9382690787315369,0.9888693690299988,0.9514298439025879,0.4371897578239441,0.567438006401062
76,246,ผู้ใหญ่บ้านใหม่คองน้อย กล่าวว่า ชาวบ้านไม่อยากให้มีการกระทบกระทั่ง ให้เกิดความรุนแรง,ชาวบ้านไม่ต้องการให้เกิดการกระทบกระทั่งหรือความรุนแรง ผู้ใหญ่บ้านใหม่คองน้อยกล่าว,Villagers do not want to cause wounding or violence. The new village headman said.,The new village headman said that the villagers do not want to be wounding. To cause violence,0.7147588729858398,0.5626580715179443,0.9483386874198914,0.8978712558746338,0.847435474395752,0.912826418876648,0.29719078540802,0.5726796388626099
77,249,หลังจากได้ผลตรวจแล้วจึงได้ส่งไปตรวจสอบซ้ำอีกครั้งที่ไบโอเทค,ส่งไปที่ไบโอเทคเพื่อตรวจสอบซ้ำอีกครั้งหลังจากได้ผลตรวจแล้ว,Sent to Biotech to repeat the examination again after the results have been received.,"After the examination, it was sent again at Biotech.",0.788524329662323,0.8415325880050659,0.9113889932632446,0.6944600343704224,0.9478617906570435,0.9545730352401733,0.7281105518341064,0.7124520540237427
78,251,ไม่ได้มีการศึกษาผลกระทบผลเสียที่อาจเกิดขึ้นต่อพันธุ์พืชและสัตว์ป่า,ไม่มีการศึกษาผลกระทบกับผลเสียที่สามารถเกิดขึ้นต่อสัตว์ป่าและพันธุ์พืช,There is no study of the impact on the disadvantages that can occur on wildlife and plant species.,Not studying the effects of the disadvantages that may occur on plant and wildlife varieties.,0.7889195680618286,0.7030789256095886,0.935664176940918,0.730940043926239,0.8394497632980347,0.9677223563194275,0.6629002094268799,0.9140886068344116
79,268,แปลงนี้จะไม่ส่งผลกระทบต่อการผลิตมะละกอและการส่งออกโดยรวม รายงานโดย : มุทิตา เชื้อชั่ง ศูนย์ข่าวประชาไท,การผลิตมะละกอและการส่งออกโดยรวมจะไม่ได้รับผลกระทบจากแปลงนี้ มุทิตา เชื้อชั่ง ศูนย์ข่าวประชาไท รายงาน,"The production of papaya and overall exports will not be affected by this plot, Muthita Chuea, the Prachatai News Center reports.","This plot will not affect the production of papaya and exports. The overall report by: Muthita Chuea, the Prachatai News Center.",0.7912850379943848,0.9158042669296265,0.8878846168518066,0.928040087223053,0.8721458911895752,0.8750398755073547,0.593395471572876,0.587958037853241
80,276,""" ด้านพล.ท.เรวัตร รัตนผ่องใส รองเลขาธิการกองอำนวยการเสริมสร้างสันติสุขจังหวัดชายแดนภาคใต้ กล่าวเรื่องนี้ว่า เป็นการออกข่าวมั่ว",เรื่องดังกล่าวเป็นการออกข่าวมั่ว พล.ท.เรวัตร รัตนผ่องใส รองเลขาธิการกองอำนวยการเสริมสร้างสันติสุขจังหวัดชายแดนภาคใต้กล่าว,"The said story is a news release. Lieutenant General Rawat Rattanapongsai, Deputy Secretary -General of the Office of the Southern Border Provinces.","""Lieutenant General Rayawat Rattanapongsai, Deputy Secretary -General of the Office of the Southern Border Provinces Said this matter that Is a news release",0.4201750159263611,0.5254814624786377,0.9059739112854004,0.9423220157623291,0.9208818674087524,0.8855098485946655,0.41198036074638367,0.5541353821754456
81,282,รัฐบาลจะต้องมีการแลกเปลี่ยนข้อมูลข่าวสารอย่างใกล้ชิดกับองค์การระหว่างประเทศและประเทศคู่ค้าเสียก่อน รายงานโดย : ศูนย์ข่าวประชาไท,รัฐบาลจะต้องแลกเปลี่ยนข้อมูลข่าวสารอย่างใกล้ชิดกับประเทศคู่ค้าเสียก่อนและองค์การระหว่างประเทศ ศูนย์ข่าวประชาไท รายงาน,"The government must exchange information closely with the country, partners and international organizations. Prachatai News Center",The government must exchange information closely with the International and Trade Organizations before report: Prachatai News Center.,0.7954978942871094,0.8908880949020386,0.9109789729118347,0.9413203001022339,0.9439417719841003,0.9711970090866089,0.7659419775009155,0.7975689768791199
82,334,เนื่องจากการทำประชาพิจารณ์ไม่เกิดขึ้นจริง สนนท.จึงขอเสนอให้มีการยกเลิกร่าง พ.ร.บ.มหาวิทยาลัยในกำกับของรัฐทุกแห่ง,สนนท.เสนอให้มีการยกเลิกร่าง พ.ร.บ.มหาวิทยาลัยในกำกับของรัฐทุกแห่ง เนื่องจากการทำประชาพิจารณ์ไม่เกิดขึ้นจริง ,The Royal Thai Police proposed to cancel the draft. All state university acts Because the public hearing does not actually happen,Because the public hearing does not actually happen The Royal Thai Police therefore proposed to cancel the draft. All state university acts,0.658908486366272,0.7209658622741699,0.9643182158470154,0.9794082641601562,0.8977166414260864,0.9559081792831421,0.47387924790382385,0.678777277469635
83,353,ภาพของเธอที่จะยืนอยู่เคียงข้างพวกเขาเหล่านี้กลับเลือนลาง,ภาพของพวกเขาเหล่านี้ที่มีเธอยืนอยู่เคียงข้างกลับเลือนลาง,Their images that have you stand beside the fuzzy.,The picture of her standing beside them is fuzzy.,0.8359766006469727,0.6011587381362915,0.7797013521194458,0.9542540311813354,0.9099926948547363,0.852500319480896,0.6725210547447205,0.6511768102645874
84,372,เนื่องจากขณะนี้ยังมีประชาชนบางส่วนมีข้อสงสัยเรื่องโรคไข้หวัดนกรอบ 2 กระทรวงสาธารณสุขจึงได้เปิดให้บริการตอบข้อซักถามทางโทรศัพท์ หมายเลข 0-2590-3333 ตลอด 24 ชั่วโมง,เนื่องจากยังมีประชาชนบางส่วนที่มีคำถามเกี่ยวกับโรคไข้หวัดนกรอบ 2  กระทรวงสาธารณสุขจึงได้เปิดให้บริการตอบข้อซักถามทางโทรศัพท์ตลอด 24 ชั่วโมง หมายเลข 0-2590-3333 ,"Since there are still some people who have questions about the 2nd influenza, the Ministry of Public Health has opened a service to answer by telephone questions 24 hours a day number 0-2590-3333.","Since there are still some people who have questions about the influenza 2, the Ministry of Public Health has opened a service to answer by telephone number 0-2590-3333 24 hours.",0.9488558173179626,0.9503556489944458,0.9764546155929565,0.8818041086196899,0.9648540019989014,0.964340329170227,0.8436293601989746,0.7285156846046448
85,375,แหล่งข่าวกล่าวว่า การรักษาโรคต่างๆ อาทิ โรค SARS นั้น อาจจะยังไม่เกิดขึ้นในเร็วๆนี้,การรักษาโรคต่างๆ เช่น โรค SARS นั้น อาจจะยังไม่เกิดขึ้นในเวลาอันใกล้ แหล่งข่าวกล่าว,"Treatment of various diseases, such as SARS, may not occur in a nearby time. Source","The source said Treatment of various diseases, such as SARS, may not occur soon.",0.8377875089645386,0.7571102380752563,0.9658516049385071,0.8833115100860596,0.8201214075088501,0.9539705514907837,0.8437021970748901,0.8887861967086792
86,376,ภาคการเกษตรซึ่งยังคงเป็นปัจจัยสำคัญของเศรษฐกิจเอเชียได้รับผลดีจากสภาพอากาศที่เป็นใจ,สภาพอากาศที่เป็นใจส่งผลให้ภาคเกษตรกรรมซึ่งยังคงเป็นปัจจัยสำคัญของเศรษฐกิจเอเชียได้รับผลดี,"The weather that is heartbreaking, resulting in agriculture, which is still an important factor in the Asian economy to get good results.","The agricultural sector, which is still an important factor in the Asian economy, has been good for the weather.",0.6119930744171143,0.6165592074394226,0.8902310729026794,0.9167947173118591,0.8422393202781677,0.9418529272079468,0.7460843920707703,0.8692623376846313
87,381,จากการสอบถามรายละเอียดเกษตรกรในพื้นที่พบว่าส่วนใหญ่ใช้เมล็ดพันธุ์เดิม,จากการสอบถามรายละเอียดในพื้นที่พบว่าเกษตรกรส่วนใหญ่ยังคงใช้เมล็ดพันธุ์เดิม,"From the inquiry in the area, it was found that most farmers still use the same seeds.","From inquiring about farmers in the area, it was found that most of the original seeds were used.",0.9019045829772949,0.6938751935958862,0.9230064153671265,0.9622921943664551,0.9506661295890808,0.960841178894043,0.5640772581100464,0.8049585223197937
88,408,ที่ผ่านมาช่วงวิกฤติเศรษฐกิจมีการแก้ปัญหาเฉพาะหน้า ด้วยการเอาเครื่องที่ทิ้งแล้วจากประเทศอื่นมาใช้ ประชาไทรายงาน,ช่วงวิกฤติเศรษฐกิจที่ผ่านมามีการแก้ปัญหาเฉพาะหน้าด้วยการเอาเครื่องที่ทิ้งแล้วจากประเทศอื่นมาใช้ รายงานจากประชาไท,"During the past economic crisis, there was a solution to the problem by removing the discarding machines from other countries. Report from Prachatai","In the past, the economic crisis has solved immediate problems. By using the discarding machines from other countries Pracha Sai",0.7738443613052368,0.7799558639526367,0.8864135146141052,0.8998197317123413,0.9542846083641052,0.9004197120666504,0.48820969462394714,0.5983734130859375
89,425,มีน้ำไหลผ่านหมู่บ้านก็ไม่ได้ใช้ แต่ต้องซื้อน้ำดื่มน้ำถังจากโรงงานแทน,หมู่บ้านมีน้ำไหลผ่านก็ไม่ได้ใช้ ต้องซื้อน้ำถังน้ำดื่มจากโรงงานแทน,"The village has water flowing through, it is not used. Have to buy water, drinking water tanks from the factory instead","There is water flowing through the village, it is not used. But had to buy water to drink water from the factory instead",0.931039035320282,0.7429772615432739,0.9493430852890015,0.8982343673706055,0.883705198764801,0.9410255551338196,0.4974241852760315,0.8546256422996521
90,443,รัฐมนตรีว่าการกระทรวงเกษตรและสหกรณ์แถลงข่าวที่กรมวิชาการเกษตร,ที่กรมวิชาการเกษตร รัฐมนตรีว่าการกระทรวงเกษตรและสหกรณ์มาแถลงข่าว,At the Department of Agriculture Minister of Agriculture and Cooperatives announced,Minister of Agriculture and Cooperatives announced at the Department of Agriculture,0.793671727180481,0.9476661086082458,0.9783581495285034,0.9061568379402161,0.9644538164138794,0.9246649742126465,0.5791365504264832,0.7617496252059937
91,452,ลูกจ้างมีหน้าที่ทำอะไรตามคำสั่ง ในมหาวิทยาลัยของเราไม่มี Boss อธิการบดี คณบดี ไม่ใช่ Boss ของเรา,ลูกจ้างมีหน้าที่ทำอะไรตามคำสั่ง  อธิการบดีและคณบดีไม่ใช่ Boss ของเราเพราะในมหาวิทยาลัยของเราไม่มี Boss,What is the duty to do as ordered? The President and Dean are not our Boss because our university doesn't have a Boss.,"What is the duty to do as ordered? In our university, there is no Boss, President, Dean, not our Boss.",0.7399502992630005,0.7075475454330444,0.8971173167228699,0.9567680954933167,0.842414915561676,0.9409563541412354,0.6798422336578369,0.6734476089477539
92,476,ข้อกำหนดดังกล่าวเป็นสิทธิที่ไทยสามารถกระทำได้ภายใต้ความตกลงด้านทรัพย์สินทางปัญญา หรือความตกลงทริปส์ในองค์การการค้าโลก,ไทยสามารถกระทำสิทธิตามข้อกำหนดดังกล่าวภายใต้ความตกลงทริปส์ในองค์การการค้าโลกหรือความตกลงด้านทรัพย์สินทางปัญญา,Thailand is able to perform the rights under the specifications under the Trip Agreement in the World Trade Organization or intellectual property agreement.,Such requirements are rights that Thailand can do under the intellectual property agreement. Or the Trip Agreement in the World Trade Organization,0.6914318799972534,0.9297046661376953,0.9271746873855591,0.9647849798202515,0.9287471771240234,0.612764835357666,0.4249162971973419,0.5887914299964905
93,480,ดังนี้ ในพื้นที่เขตอำเภอปาย รายงานแจ้งว่า เกิดความขัดแย้งเมื่อหน่วยอุทยานแห่งชาติห้วยน้ำดัง ได้นำขยะไปทิ้งบริเวณป่าต้นน้ำแม่ปิง,ดังนี้ ในพื้นที่ อ.ปาย รายงานแจ้งว่า ความขัดแย้งเกิดจากการนำขยะไปทิ้งบริเวณป่าต้นน้ำแม่ปิงโดยหน่วยอุทยานแห่งชาติห้วยน้ำดัง,"As follows, in the area of ​​Achan Pai, reports that The conflict arises from the waste of garbage in the Mae Ping Watershed forest by the Huai Nam Dang National Park.",As follows in the area of ​​Pai District Report that Conflict when Huai Nam Dang National Park Brought the garbage to throw away the Mae Ping upstream forest,0.8580719232559204,0.6766819953918457,0.8817836046218872,0.9664486050605774,0.9392071962356567,0.9203733205795288,0.469716876745224,0.5578530430793762
94,482,ตัวแทนชาวบ้านคลองด่าน จังหวัดสมุทรปราการ เข้าพบพลตำรวจเอกประทิน สันติประภพ,พบพลตำรวจเอกประทิน สันติประภพได้พบกับตัวแทนชาวบ้านคลองด่าน จังหวัดสมุทรปราการ,Meet Police General Prathin Santiprapop met with the representative of the villagers of Khlong Dan. Samut Prakan Province,Representative of Khlong Dan villagers Samut Prakan Province Meet Police General Prathin Santiprapop,0.3848528265953064,0.8085024952888489,0.9097668528556824,0.8751121759414673,0.844767153263092,0.7632256150245667,0.42142701148986816,0.44933590292930603
95,543,วันนี้มีการแจกจ่ายใบปลิวเรียกร้องให้แม่ทัพภาค 4 เปิดเผยรายชื่อผู้ก่อความไม่สงบในพื้นที่ ไปตามร้านน้ำชาต่างๆ รอบตัวเมืองปัตตานี,วันนี้มีการแจกจ่ายใบปลิวไปตามร้านน้ำชาต่างๆ รอบตัวเมืองปัตตานีเพื่อเรียกร้องให้แม่ทัพภาค 4 เปิดเผยรายชื่อผู้ก่อความไม่สงบในพื้นที่ ,"Today, the flyers are distributed to various tea shops. Around Pattani city to call for General Region 4, revealing the names of insurgents in the area.","Today, the flyer has been distributed to the General Region 4, revealing the names of insurgents in the area. Go to various tea shops Around Pattani",0.6229620575904846,0.8878880739212036,0.9586054682731628,0.9851388335227966,0.914171040058136,0.8394608497619629,0.2113019824028015,0.6428934335708618
96,544,จัดทำทะเบียนประวัติครูอาจารย์และนักเรียนให้แล้วเสร็จภายใน 2 สัปดาห์,ภายใน 2 สัปดาห์ให้จัดทำทะเบียนประวัติครูและนักเรียนให้เสร็จเรียบร้อย,"Within 2 weeks, complete the registration of teachers and students.",Complete the registration of teachers and students in 2 weeks.,0.8890568017959595,0.8808362483978271,0.9600112438201904,0.8473645448684692,0.8478577136993408,0.9281656742095947,0.6553323268890381,0.595927357673645
97,558,มีกลุ่มองค์กรชาวบ้านจากทุกภาคมาร่วมงานกันด้วยความรู้สึกเดียวกัน,มีกลุ่มองค์กรชาวบ้านที่มีความรู้สึกเดียวกันจากทุกภาคมาร่วมงาน,There are groups of villagers who have the same feeling from all regions to join the event.,There are groups of villagers from all regions to work together with the same feelings.,0.7834774851799011,0.7787107229232788,0.7858259677886963,0.8151825070381165,0.9621233940124512,0.9451498985290527,0.7344837188720703,0.7125928997993469
98,574,ทั้งยังเป็นการสร้างโอกาสและศักยภาพการแข่งขันของสินค้าไทย,ทั้งยังเป็นการสร้างศักยภาพการแข่งขันและโอกาสให้กับสินค้าไทย,It also creates competitiveness and opportunities for Thai products.,It also creates opportunities and competitiveness of Thai products.,0.9845458269119263,0.9946063756942749,0.995352566242218,0.6631581783294678,0.9793717861175537,0.9448024034500122,0.5740878582000732,0.6524583101272583
99,609,แต่มันก็ค่อนข้างสรุปไม่ได้ว่า ตกลงแล้วมันเป็นการต่อสู้ของใครกับใคร,แต่มันก็ยังสรุปไม่ได้ว่าแท้จริงแล้วมันเป็นการต่อสู้ของใครกับใคร,But it still can't conclude that it is actually a fight with anyone,"But it is quite concluded that OK, who is the fight with anyone?",0.7278477549552917,0.476707398891449,0.9175733327865601,0.7776820659637451,0.9202961325645447,0.9461555480957031,0.7212812900543213,0.6630379557609558
